From,To,Length,Diameter,Friction
1,2,30e3,0.4,0.008280351703168
3,4,30e3,0.4,0.008280351703168